age_group,pb_level,BLL0,f_sys,dBLL_med_Post,dBLL_med_Pre,dBLL_p05_Post,dBLL_p05_Pre,dBLL_p95_Post,dBLL_p95_Pre,p_exceed_3_5_Post,p_exceed_3_5_Pre,p_exceed_5_Post,p_exceed_5_Pre,delta_dBLL_med,delta_dBLL_p05,delta_dBLL_p95,rr_exceed_3_5,rr_exceed_5
Adult_18plus,C_high,0.5,0.25,1.5359401477906336,1.0602179201964537,0.8744699695396264,0.6058747947357852,2.5783542634539858,1.7686063537196974,0.04883333333333334,0,0.002,0,0.4757222275941799,0.2685951748038412,0.8097479097342883,Inf,Inf
Adult_18plus,C_high,1,0.25,1.5397376242648577,1.0589313280563815,0.8772630762547065,0.5930344514883849,2.574683534267718,1.7716030461112382,0.11366666666666667,0.0013333333333333333,0.005666666666666667,0,0.48080629620847626,0.2842286247663216,0.8030804881564797,85.25,Inf
Adult_18plus,C_high,2,0.25,1.5293728366702384,1.0428986651738081,0.8785339417382181,0.5771402919463475,2.620443021230667,1.7680942185670376,0.4806666666666667,0.13,0.04533333333333334,0.001,0.48647417149643024,0.30139364979187055,0.8523488026636292,3.6974358974358976,45.333333333333336
Adult_18plus,C_high,0.5,0.5,3.0438057401243555,2.0883732811353615,1.7285696452091175,1.1757956079221288,5.177131102316195,3.526685981906187,0.4786666666666667,0.13433333333333333,0.16416666666666668,0.004333333333333333,0.955432458988994,0.5527740372869887,1.6504451204100077,3.5632754342431765,37.88461538461539
Adult_18plus,C_high,1,0.5,3.036160876157589,2.103826030395968,1.7419854398349226,1.2015189475783563,5.157738933220685,3.4781319021038746,0.63,0.302,0.24466666666666664,0.018333333333333333,0.9323348457616207,0.5404664922565663,1.6796070311168103,2.0860927152317883,13.345454545454544
Adult_18plus,C_high,2,0.5,3.089532083463361,2.1332763992678188,1.732024097026847,1.1879296025749346,5.153962556963442,3.541295269486911,0.9356666666666666,0.847,0.484,0.132,0.9562556841955421,0.5440944944519124,1.6126672874765315,1.1046831955922864,3.6666666666666665
Adult_18plus,C_high,0.5,0.75,4.601036689289193,3.1249035550933453,2.606315869658485,1.7996430217636377,7.724954223571724,5.2217982076641265,0.8043333333333333,0.556,0.489,0.12366666666666666,1.4761331341958481,0.8066728478948475,2.5031560159075976,1.4466426858513188,3.954177897574124
Adult_18plus,C_high,1,0.75,4.637686316933666,3.1770081046163035,2.6152037470192004,1.8020784337063926,7.851482918363228,5.326339589580369,0.9006666666666667,0.7583333333333333,0.585,0.242,1.460678212317363,0.8131253133128078,2.5251433287828586,1.1876923076923078,2.4173553719008263
Adult_18plus,C_high,2,0.75,4.6058197140344985,3.184616757001267,2.591140477922817,1.8050148081549953,7.703779357558047,5.3872024763382855,0.9958333333333333,0.9853333333333333,0.8025,0.5743333333333334,1.4212029570332314,0.7861256697678218,2.3165768812197616,1.0106562922868743,1.39727219965177
Adult_18plus,C_high,0.5,1,6.110592920521139,4.228696513032068,3.47333607399898,2.3688767893204057,10.361096400213764,7.05777451972431,0.9366666666666668,0.833,0.718,0.42933333333333334,1.8818964074890712,1.1044592846785743,3.303321880489454,1.124449779911965,1.6723602484472049
Adult_18plus,C_high,1,1,6.0924730045533115,4.244749501125369,3.4823112623068697,2.377921276836024,10.409615791617435,7.2311972722020785,0.9758333333333333,0.9326666666666666,0.7993333333333333,0.5586666666666666,1.8477235034279422,1.1043899854708457,3.1784185194153567,1.0462830593280916,1.4307875894988067
Adult_18plus,C_high,2,1,6.1333042260670245,4.25778001453208,3.4129189180922146,2.4887255182193875,10.227338057062155,7.246276241771087,0.9995,0.9983333333333333,0.9363333333333334,0.8543333333333333,1.8755242115349446,0.9241933998728271,2.981061815291069,1.0011686143572622,1.0959812719469373
Adult_18plus,C_low,0.5,0.25,0.37972773877911353,0.17133698472340975,0.21337070329175542,0.0983399799569994,0.642150094063674,0.2885436417100051,0,0,0,0,0.2083907540557038,0.11503072333475602,0.35360645235366883,NA,NA
Adult_18plus,C_low,1,0.25,0.3811344516565653,0.1714515273077638,0.21499870757482425,0.0957574351808952,0.6391393652575468,0.2939348785383728,0,0,0,0,0.20968292434880148,0.11924127239392905,0.345204486719174,NA,NA
Adult_18plus,C_low,2,0.25,0.38493808732076984,0.17087585959434848,0.21685656381055513,0.09882519621115757,0.6510647271625489,0.2925691560454354,5e-4,0,0,0,0.21406222772642136,0.11803136759939756,0.35849557111711355,Inf,NA
Adult_18plus,C_low,0.5,0.5,0.7673423846767566,0.3441778950293698,0.44623751848414167,0.1900840168874507,1.296741014414318,0.5830547225325295,1.6666666666666666e-4,0,0,0,0.42316448964738684,0.256153501596691,0.7136862918817886,Inf,NA
Adult_18plus,C_low,1,0.5,0.7621464210817332,0.34471310901279806,0.438378565978738,0.19901418519024403,1.2901634752003979,0.5817258748697925,0.0026666666666666666,0,0,0,0.4174333120689352,0.23936438078849395,0.7084376003306053,Inf,NA
Adult_18plus,C_low,2,0.5,0.7728823209519032,0.3436238814951025,0.4298520878526928,0.19173072371733582,1.2826753667123234,0.5806018584626446,0.1,0,0,0,0.42925843945680076,0.23812136413535698,0.7020735082496788,Inf,NA
Adult_18plus,C_low,0.5,0.75,1.1488621142309299,0.5248894205149774,0.6436490544383201,0.2922955669671169,1.9492696790372914,0.8643190202381984,0.021166666666666667,0,6.666666666666666e-4,0,0.6239726937159524,0.3513534874712032,1.0849506587990931,Inf,Inf
Adult_18plus,C_low,1,0.75,1.1537775735066367,0.5142912804628745,0.645955139640308,0.28667860888276964,1.946807454760544,0.843940885390449,0.0675,0,0.0025,0,0.6394862930437621,0.3592765307575384,1.1028665693700952,Inf,Inf
Adult_18plus,C_low,2,0.75,1.1674416448580702,0.5165647718274278,0.6451639774948784,0.2894283198104189,1.9807831207644724,0.8881798090814723,0.333,0,0.025,0,0.6508768730306425,0.3557356576844595,1.092603311683,Inf,Inf
Adult_18plus,C_low,0.5,1,1.5218361647984335,0.6835379039154678,0.866034115996118,0.38877885376661425,2.56104098184237,1.1691129384819587,0.10083333333333333,0,0.007,0,0.8382982608829658,0.47725526222950376,1.391928043360411,Inf,Inf
Adult_18plus,C_low,1,1,1.5260438607060307,0.6806126233167684,0.8691354426049944,0.3920188089575753,2.588687558363672,1.1702124979004511,0.197,0,0.020333333333333332,0,0.8454312373892623,0.47711663364741913,1.4184750604632208,Inf,Inf
Adult_18plus,C_low,2,1,1.5290169628104358,0.6776510775900713,0.8696752831030639,0.38147983514562195,2.5876800622139546,1.135006528855641,0.45166666666666666,0.005333333333333333,0.10366666666666667,0,0.8513658852203645,0.4881954479574419,1.4526735333583136,84.6875,Inf
Adult_18plus,C_med,0.5,0.25,0.7131340112354698,0.4089463396125411,0.403541661366729,0.2334370586721523,1.194519037695637,0.6834487352401386,1.6666666666666666e-4,0,0,0,0.3041876716229287,0.17010460269457667,0.5110703024554983,Inf,NA
Adult_18plus,C_med,1,0.25,0.7016808060726474,0.40435952262913566,0.4003422626856131,0.22102204406274406,1.192233648643691,0.680999141354805,6.666666666666666e-4,0,0,0,0.2973212834435117,0.17932021862286907,0.5112345072888861,Inf,NA
Adult_18plus,C_med,2,0.25,0.7084756965799572,0.4053346399039668,0.4108020466944702,0.2320815008663424,1.188084422540596,0.674946516437401,0.0495,0,0,0,0.30314105667599045,0.17872054582812777,0.513137906103195,Inf,NA
Adult_18plus,C_med,0.5,0.5,1.4270645945046607,0.8075604354368009,0.810481816613867,0.4528270438825078,2.374865634344996,1.3779788233867847,0.04766666666666667,0,0.0025,0,0.6195041590678598,0.3576547727313592,0.9968868109582112,Inf,Inf
Adult_18plus,C_med,1,0.5,1.422754168645362,0.7923068476793211,0.8038944148230123,0.45830675235318963,2.389190559819902,1.3591373126176438,0.125,0,0.006833333333333334,0,0.6304473209660408,0.34558766246982264,1.0300532472022583,Inf,Inf
Adult_18plus,C_med,2,0.5,1.42046220341458,0.813360257174051,0.7968228435329401,0.45038052763123354,2.40585596276129,1.3842182411298385,0.4195,0.028,0.048666666666666664,0,0.6071019462405289,0.34644231590170654,1.0216377216314516,14.982142857142856,Inf
Adult_18plus,C_med,0.5,0.75,2.1285995932540116,1.2152341091578158,1.2297326527000911,0.6756089910310554,3.54191881067412,2.060521131142678,0.25316666666666665,0.001,0.052,0,0.9133654840961958,0.5541236616690357,1.481397679531442,253.16666666666666,Inf
Adult_18plus,C_med,1,0.75,2.1299955495528127,1.2163809301298674,1.1793249097485552,0.6843518288245589,3.6267305510734618,2.0085292268311288,0.358,0.009,0.09883333333333333,0,0.9136146194229453,0.4949730809239963,1.618201324242333,39.77777777777778,Inf
Adult_18plus,C_med,2,0.75,2.119501529965811,1.2222444321917512,1.210016695509343,0.690205088482378,3.5607965780741244,2.068379080110254,0.6376666666666666,0.27,0.24916666666666665,0.0013333333333333333,0.8972570977740597,0.5198116070269649,1.4924174979638702,2.361728395061728,186.875
Adult_18plus,C_med,0.5,1,2.7966247144287015,1.609590811327449,1.6109763982617222,0.9366924055222228,4.745826382469047,2.7060299045173086,0.4098333333333333,0.023,0.17333333333333334,0,1.1870339031012525,0.6742839927394995,2.039796477951738,17.818840579710145,Inf
Adult_18plus,C_med,1,1,2.8065161521815893,1.6251359137901156,1.5764592974627487,0.9287394428014953,4.677374936769208,2.724006613400152,0.5033333333333334,0.08166666666666667,0.24366666666666667,0.003,1.1813802383914738,0.6477198546612534,1.9533683233690562,6.16326530612245,81.22222222222223
Adult_18plus,C_med,2,1,2.7965996857491824,1.61688366618626,1.5958556369531207,0.9282302179931677,4.79200492801702,2.696379487321053,0.808,0.58,0.4135,0.02266666666666667,1.1797160195629224,0.667625418959953,2.095625440695967,1.3931034482758622,18.242647058823525
Child_3_6y,C_high,0.5,0.25,8.312606922415714,5.642362603271232,5.199091502108786,3.535978795483278,13.257708853142457,8.89032210456515,0.9961666666666666,0.9886666666666667,0.923,0.7823333333333333,2.670244319144482,1.6631127066255078,4.367386748577307,1.0075859743762643,1.1798040051129102
Child_3_6y,C_high,1,0.25,8.279856562686708,5.720596165471987,5.1942500719934195,3.6097029151820332,13.154608327942508,8.933180229959197,0.9993333333333334,0.9983333333333333,0.9618333333333333,0.8943333333333333,2.5592603972147216,1.5845471568113862,4.221428097983312,1.001001669449082,1.075475214312337
Child_3_6y,C_high,2,0.25,8.272800686614907,5.746452365547423,5.204290162168225,3.621576373258596,13.189390557257788,8.94592945518235,1,1,0.9966666666666666,0.9866666666666667,2.526348321067484,1.5827137889096288,4.243461102075438,1,1.010135135135135
Child_3_6y,C_high,0.5,0.5,16.567222878372963,11.434244422834668,10.462343594716236,7.160480496633478,26.10128068663375,17.984503707187315,1,1,1,0.9993333333333333,5.132978455538295,3.301863098082758,8.116776979446435,1,1.0006671114076051
Child_3_6y,C_high,1,0.5,16.789742082414072,11.409928990775875,10.314080354759353,7.076289528789076,26.46754240505809,18.06298363481394,1,1,1,1,5.379813091638198,3.2377908259702775,8.40455877024415,1,1
Child_3_6y,C_high,2,0.5,16.560613904666035,11.388002004118007,10.277871942751073,7.223412139082963,26.48548581030424,17.986315927145547,1,1,1,1,5.172611900548027,3.0544598036681103,8.499169883158693,1,1
Child_3_6y,C_high,0.5,0.75,25.01281139753356,17.20886465196082,15.688457846244852,10.874040603677866,39.82928110270299,27.079360900586433,1,1,1,1,7.803946745572741,4.814417242566986,12.74992020211656,1,1
Child_3_6y,C_high,1,0.75,24.994101806011027,17.240591176303308,15.843002122030956,10.846681857283453,39.74746171200857,26.826199803451107,1,1,1,1,7.753510629707719,4.996320264747503,12.921261908557465,1,1
Child_3_6y,C_high,2,0.75,24.96965855742544,17.208277368519074,15.768301672755584,10.684869426638304,39.207215390850934,27.026877052185025,1,1,1,1,7.761381188906366,5.08343224611728,12.180338338665909,1,1
Child_3_6y,C_high,0.5,1,33.07217261319166,23.062335145091446,20.973710062802372,14.311837878022851,53.32311868533954,36.29215653574876,1,1,1,1,10.009837468100216,6.66187218477952,17.030962149590778,1,1
Child_3_6y,C_high,1,1,33.14398680544248,22.58966495297519,20.931197939264237,14.246093478734318,52.613788422500065,35.99513474431619,1,1,1,1,10.55432185246729,6.685104460529919,16.618653678183875,1,1
Child_3_6y,C_high,2,1,33.33762989013679,22.879733759996142,21.224264997387543,14.325220708736609,53.40675116382833,36.036347593325075,1,1,1,1,10.457896130140647,6.899044288650934,17.370403570503257,1,1
Child_3_6y,C_low,0.5,0.25,2.082065885212166,0.9202649974415151,1.2950509652856759,0.5833862557389403,3.2621854757606195,1.461272523037452,0.2763333333333333,0,0.04616666666666667,0,1.1618008877706507,0.7116647095467356,1.8009129527231675,Inf,Inf
Child_3_6y,C_low,1,0.25,2.0818398943101215,0.9255507129188892,1.3254219110940528,0.5899369336904016,3.275661423852943,1.506669826356803,0.39183333333333337,0.001,0.093,0,1.1562891813912324,0.7354849774036513,1.7689915974961399,391.83333333333337,Inf
Child_3_6y,C_low,2,0.25,2.0701549121618026,0.9353933700548822,1.3203721731535403,0.5858861812425308,3.224155451463156,1.475185071854841,0.5415,0.044333333333333336,0.2791666666666667,0,1.1347615421069204,0.7344859919110095,1.748970379608315,12.214285714285714,Inf
Child_3_6y,C_low,0.5,0.5,4.1505092336082114,1.8503173144943732,2.618188732584922,1.1670618484002904,6.6282465085570585,2.978522503145298,0.5495,0.04666666666666667,0.436,3.333333333333333e-4,2.3001919191138382,1.4511268841846316,3.6497240054117603,11.774999999999999,1308
Child_3_6y,C_low,1,0.5,4.146490632609684,1.8406491023338036,2.624533028769808,1.1730768012024966,6.538896955534866,2.9281662507992525,0.6325000000000001,0.142,0.4756666666666667,0.005,2.30584153027588,1.4514562275673113,3.610730704735613,4.454225352112677,95.13333333333334
Child_3_6y,C_low,2,0.5,4.169177643920353,1.8437452107544599,2.6164846021791988,1.1600687208959446,6.6389412067548035,2.967199715485669,0.9418333333333333,0.76,0.5485,0.046,2.325432433165893,1.4564158812832542,3.6717414912691346,1.2392543859649123,11.923913043478262
Child_3_6y,C_low,0.5,0.75,6.170771310008819,2.8049916105063115,3.8980022551987625,1.7378023132701925,9.977462759887027,4.4088749258500615,0.7803333333333333,0.4043333333333333,0.5465,0.044,3.3657796995025073,2.1601999419285702,5.568587834036966,1.9299258037922506,12.420454545454545
Child_3_6y,C_low,1,0.75,6.158214559331821,2.7898796927051386,3.9241340110811977,1.7704519669967294,9.945457528510826,4.462413713311756,0.8883333333333333,0.6473333333333333,0.5938333333333333,0.10566666666666667,3.3683348666266824,2.1536820440844684,5.4830438151990695,1.3722966014418125,5.6198738170347
Child_3_6y,C_low,2,0.75,6.255610360503754,2.804323862274512,3.8839945096462,1.752333844572273,9.838257833310765,4.406111067701001,0.9971666666666666,0.984,0.7798333333333334,0.404,3.451286498229242,2.1316606650739267,5.4321467656097635,1.013380758807588,1.9302805280528053
Child_3_6y,C_low,0.5,1,8.316298627145963,3.693782558264596,5.221451691973762,2.3492364466842353,13.314726418416267,5.886748981510368,0.9390000000000001,0.7716666666666666,0.698,0.24333333333333335,4.622516068881367,2.8722152452895267,7.427977436905899,1.2168466522678187,2.868493150684931
Child_3_6y,C_low,1,1,8.26335501838018,3.689327066982833,5.174986908505008,2.334109662267513,13.065434376385095,5.857475019291241,0.9796666666666667,0.9216666666666666,0.7716666666666667,0.3953333333333333,4.574027951397347,2.8408772462374947,7.207959357093855,1.0629294755877035,1.9519392917369311
Child_3_6y,C_low,2,1,8.334946963436808,3.7070990690568992,5.169979084818805,2.3500658119771662,13.085606589989993,5.871325591999668,0.9998333333333334,0.9993333333333333,0.9381666666666666,0.7783333333333333,4.627847894379909,2.8199132728416387,7.2142809979903255,1.000500333555704,1.2053533190578158
Child_3_6y,C_med,0.5,0.25,3.82404272045664,2.195608670479709,2.4144324346064403,1.3648444316543693,6.1087869097182885,3.4329004119746496,0.5721666666666667,0.126,0.37283333333333335,0.0036666666666666666,1.628434049976931,1.049588002952071,2.675886497743639,4.541005291005291,101.68181818181819
Child_3_6y,C_med,1,0.25,3.820425431446616,2.1791772054341463,2.4065540545463433,1.3688961672052373,5.978794818028272,3.465769873809222,0.6821666666666666,0.323,0.4408333333333333,0.014,1.6412482260124697,1.037657887341106,2.51302494421905,2.111971104231166,31.488095238095234
Child_3_6y,C_med,2,0.25,3.838709874509572,2.2108781899346273,2.4166241259641614,1.3637961547214172,5.982463033480828,3.4909261983771356,0.9655,0.912,0.5683333333333334,0.13766666666666666,1.6278316845749448,1.0528279712427442,2.4915368351036924,1.0586622807017543,4.128329297820824
Child_3_6y,C_med,0.5,0.5,7.701312012622003,4.377749497233566,4.850128203100397,2.7410789341677138,12.183969898189524,7.005705825320258,0.9658333333333333,0.9103333333333333,0.7591666666666668,0.46166666666666667,3.3235625153884367,2.109049268932683,5.178264072869266,1.060966678872208,1.6444043321299642
Child_3_6y,C_med,1,0.5,7.678780184026863,4.396602651025654,4.897406315755087,2.76642497899506,12.135357186025441,6.8232926737318085,0.9906666666666666,0.9756666666666667,0.8411666666666666,0.6426666666666667,3.2821775330012084,2.130981336760027,5.312064512293633,1.0153741031773145,1.308869294605809
Child_3_6y,C_med,2,0.5,7.643711613122409,4.417604950152826,4.7692072414264315,2.753088140864897,12.123569104704515,6.93755027734167,1,0.9993333333333333,0.9648333333333334,0.9146666666666666,3.226106662969584,2.0161191005615344,5.186018827362845,1.0006671114076051,1.0548469387755104
Child_3_6y,C_med,0.5,0.75,11.459002839511943,6.570137202193424,7.264348237579533,4.184603212601758,18.64258228177201,10.438676940331685,0.9993333333333334,0.997,0.9658333333333333,0.9156666666666666,4.888865637318519,3.0797450249777754,8.203905341440326,1.002340354396523,1.0547870404077175
Child_3_6y,C_med,1,0.75,11.492689339606544,6.673490472745395,7.2066289709879285,4.245168188688522,18.357290351897383,10.612686092885788,1,1,0.9846666666666667,0.9676666666666667,4.819198866861149,2.9614607822994063,7.744604259011595,1,1.0175680330692387
Child_3_6y,C_med,2,0.75,11.51061965075009,6.620104548816701,7.206528102888846,4.15036545962809,18.236682250737445,10.422799480400759,1,1,0.9993333333333334,0.997,4.8905151019333895,3.0561626432607563,7.813882770336686,1,1.002340354396523
Child_3_6y,C_med,0.5,1,15.380163712382354,8.87033750228516,9.614684029270334,5.439008128865162,24.374145798509666,14.282630454650073,0.9998333333333334,1,0.9963333333333333,0.9936666666666667,6.509826210097193,4.175675900405172,10.091515343859593,0.9998333333333334,1.0026836632002682
Child_3_6y,C_med,1,1,15.506668934270508,8.725454420567427,9.657758487163402,5.5658249347521735,24.74195642704281,13.780171989615674,1,1,0.9984999999999999,0.9973333333333333,6.78121451370308,4.091933552411229,10.961784437427134,1,1.0011697860962567
Child_3_6y,C_med,2,1,15.373665857350021,8.916323949763719,9.654097022843867,5.48834989011343,24.71910593906265,13.832808196714751,1,1,1,1,6.4573419075863026,4.165747132730437,10.8862977423479,1,1
Child_7_12y,C_high,0.5,0.25,6.491174187684057,4.443474157031407,4.077263537633171,2.6831393231090948,10.538577722620856,7.134669569294935,0.9691666666666667,0.899,0.7778333333333334,0.4846666666666667,2.04770003065265,1.3941242145240764,3.4039081533259203,1.0780496848350019,1.6048830811554333
Child_7_12y,C_high,1,0.25,6.467438137749674,4.456166834548078,3.942215537322263,2.7926331765288164,10.401123104011198,7.153759656506919,0.9928333333333333,0.9766666666666667,0.8551666666666666,0.643,2.011271303201596,1.1495823607934468,3.247363447504279,1.0165529010238907,1.3299637117677552
Child_7_12y,C_high,2,0.25,6.442744682523499,4.412334955229964,3.920790340397036,2.7339642193728073,10.410930933064284,7.396171095278507,1,0.9996666666666667,0.9651666666666667,0.9083333333333333,2.0304097272935353,1.1868261210242288,3.0147598377857774,1.0003334444814937,1.0625688073394497
Child_7_12y,C_high,0.5,0.5,13.050346178720291,8.896332478625396,8.100845408934362,5.422787144439272,20.91319042407109,14.351147855352403,1,1,0.9981666666666666,0.989,4.154013700094895,2.67805826449509,6.562042568718686,1,1.0092686215032018
Child_7_12y,C_high,1,0.5,12.908457211622505,8.844096316094756,7.955096770688087,5.567089658787678,20.753782946724712,14.241452276737336,1,1,0.9996666666666667,0.9973333333333333,4.064360895527749,2.388007111900409,6.512330669987376,1,1.0023395721925135
Child_7_12y,C_high,2,0.5,12.959054505764481,8.901073831972132,8.03449673410203,5.413444656849855,20.95374635865896,14.272877375758119,1,1,1,1,4.057980673792349,2.621052077252175,6.680868982900842,1,1
Child_7_12y,C_high,0.5,0.75,19.521713421814166,13.525160016358328,12.004853955860096,8.289428056660862,31.468594815786048,21.88134512163479,1,1,1,0.9996666666666667,5.996553405455838,3.715425899199234,9.587249694151257,1,1.0003334444814937
Child_7_12y,C_high,1,0.75,19.509409006994716,13.300954314262984,11.938722166373285,8.271273284372093,31.641765403093544,21.165074094141037,1,1,1,1,6.208454692731731,3.6674488820011923,10.476691308952507,1,1
Child_7_12y,C_high,2,0.75,19.375013476360177,13.28965386859593,11.937789437638276,8.285023517171673,31.602105467206442,20.82304861609927,1,1,1,1,6.0853596077642464,3.652765920466603,10.779056851107171,1,1
Child_7_12y,C_high,0.5,1,25.89031456651808,17.591162459324554,15.95130021803594,10.700688973058822,42.01875504172449,28.278017467268096,1,1,1,1,8.299152107193525,5.250611244977117,13.740737574456393,1,1
Child_7_12y,C_high,1,1,25.906204158179456,18.01191888428434,16.033086463330296,11.10367579754698,41.80717968891641,28.48615631031206,1,1,1,1,7.894285273895115,4.929410665783315,13.321023378604352,1,1
Child_7_12y,C_high,2,1,26.039550393102303,17.75414985991421,15.975082839111531,10.894097044934208,41.45476231605511,28.5827163978607,1,1,1,1,8.285400533188092,5.080985794177323,12.87204591819441,1,1
Child_7_12y,C_low,0.5,0.25,1.6367263730458097,0.7203554723225012,1.0053768889422847,0.4493162400959259,2.600467358842077,1.1698374048202846,0.1175,0,0.007166666666666667,0,0.9163709007233085,0.5560606488463589,1.4306299540217924,Inf,Inf
Child_7_12y,C_low,1,0.25,1.6459551840345612,0.7264587932331664,1.012951899646448,0.4436553644254159,2.5920860099734213,1.1556950730154933,0.23983333333333334,0,0.019333333333333334,0,0.9194963908013948,0.569296535221032,1.436390936957928,Inf,Inf
Child_7_12y,C_low,2,0.25,1.6294444196831424,0.7353004169674187,0.9979789694337667,0.4525695563000551,2.655725010409597,1.1620503466143737,0.4786666666666667,0.005666666666666667,0.12433333333333334,0,0.8941440027157237,0.5454094131337117,1.4936746637952234,84.47058823529412,Inf
Child_7_12y,C_low,0.5,0.5,3.2482489419360183,1.4643847593096742,1.9978876320044665,0.9025220914026567,5.181820987729034,2.3280984920780794,0.48066666666666663,0.006666666666666667,0.3075,0,1.7838641826263442,1.0953655406018097,2.8537224956509544,72.1,Inf
Child_7_12y,C_low,1,0.5,3.2613288010170076,1.4617443092429894,2.0259167306699686,0.9026065993395912,5.202081576778807,2.340935373933864,0.5305,0.031,0.3773333333333333,0,1.7995844917740182,1.1233101313303773,2.861146202844943,17.112903225806452,Inf
Child_7_12y,C_low,2,0.5,3.2697875703344814,1.4523467357962674,2.003248922566211,0.8987541529539155,5.229143357213825,2.341068708558144,0.8016666666666667,0.459,0.48550000000000004,0.006,1.817440834538214,1.1044947696122955,2.888074648655681,1.7465504720406682,80.91666666666667
Child_7_12y,C_low,0.5,0.75,4.913678532237848,2.1490909824663973,3.025040539584084,1.352529194954178,7.87180148694627,3.4775757650042625,0.627,0.122,0.48533333333333334,0.006333333333333333,2.7645875497714503,1.6725113446299058,4.394225721942007,5.139344262295082,76.63157894736842
Child_7_12y,C_low,1,0.75,4.891324642587334,2.199213229840043,3.022583278893252,1.3671577468823934,7.945279005730157,3.537410044444631,0.7368333333333333,0.31866666666666665,0.5131666666666667,0.021666666666666667,2.6921114127472907,1.6554255320108586,4.407868961285526,2.3122384937238496,23.684615384615384
Child_7_12y,C_low,2,0.75,4.883919425451219,2.196367730077953,2.969139070531562,1.350769779804622,7.80394685367258,3.596453179995059,0.9771666666666667,0.9046666666666666,0.6168333333333333,0.15066666666666667,2.6875516953732657,1.61836929072694,4.20749367367752,1.0801400147383937,4.094026548672566
Child_7_12y,C_low,0.5,1,6.481892713561457,2.9032054488367582,4.012774531071497,1.7875481731039615,10.443057730534312,4.7211763371927855,0.8063333333333333,0.45066666666666666,0.5678333333333334,0.07533333333333334,3.578687264724699,2.2252263579675358,5.721881393341526,1.7892011834319528,7.537610619469027
Child_7_12y,C_low,1,1,6.523526817621343,2.904289535669457,4.014311643632778,1.7641327313458837,10.429624871558786,4.659813673987924,0.9093333333333333,0.703,0.615,0.12666666666666668,3.6192372819518854,2.250178912286895,5.769811197570863,1.2935040303461356,4.855263157894736
Child_7_12y,C_low,2,1,6.535672636718678,2.9030297311693403,4.042067470958584,1.7809931423667034,10.473919955267212,4.690906459039472,0.998,0.9883333333333333,0.8056666666666666,0.4543333333333333,3.6326429055493374,2.261074328591881,5.783013496227739,1.0097807757166948,1.773294203961849
Child_7_12y,C_med,0.5,0.25,2.987662858121506,1.7257411413717039,1.8791948841485828,1.0627806608327035,4.777059762894045,2.7772483032546753,0.45833333333333337,0.025,0.2005,0,1.2619217167498022,0.8164142233158793,1.99981145963937,18.333333333333332,Inf
Child_7_12y,C_med,1,0.25,3.030337096673274,1.708339622078743,1.8875100096993238,1.0565453996252718,4.803554841857406,2.765867335041831,0.5468333333333334,0.1,0.29366666666666663,0.0016666666666666668,1.321997474594531,0.830964610074052,2.0376875068155753,5.468333333333334,176.19999999999996
Child_7_12y,C_med,2,0.25,3.0039304717896234,1.7262776470950594,1.8519192750812001,1.071742079784935,4.815615256042088,2.784929133842026,0.8596666666666667,0.675,0.45766666666666667,0.027,1.277652824694564,0.7801771952962651,2.0306861222000623,1.2735802469135802,16.950617283950617
Child_7_12y,C_med,0.5,0.5,6.056475499300346,3.4330255230116062,3.734459235984551,2.13045735831705,9.681802802231184,5.467984676302282,0.8598333333333333,0.6843333333333333,0.6013333333333333,0.168,2.6234499762887395,1.6040018776675011,4.213818125928902,1.2564539698002923,3.5793650793650786
Child_7_12y,C_med,1,0.5,6.016377336614182,3.4595753990214058,3.7202354267172453,2.119626442776432,9.82072671720239,5.539588626261769,0.9423333333333334,0.8643333333333333,0.6651666666666667,0.2986666666666667,2.5568019375927764,1.600608983940813,4.281138090940622,1.0902429618202856,2.2271205357142856
Child_7_12y,C_med,2,0.5,5.9677385460192935,3.445196168256775,3.663648347746909,2.100924145350311,9.55629500548023,5.530042484191691,0.999,0.9963333333333333,0.8545,0.6716666666666666,2.5225423777625187,1.562724202396598,4.026252521288539,1.0026764804282369,1.2722084367245658
Child_7_12y,C_med,0.5,0.75,9.00157422339202,5.145707629390705,5.534782821745286,3.106140291236702,14.493736723225794,8.199782204031871,0.988,0.9593333333333334,0.8625,0.682,3.8558665940013146,2.4286425305085837,6.293954519193923,1.0298818624044475,1.2646627565982405
Child_7_12y,C_med,1,0.75,9.022753584494712,5.121069419023884,5.48935487345754,3.2077560369150206,14.476166352202997,8.278172073638851,0.9968333333333333,0.993,0.9159999999999999,0.802,3.9016841654708276,2.281598836542519,6.1979942785641455,1.0038603558241022,1.14214463840399
Child_7_12y,C_med,2,0.75,9.033049749070095,5.1050849185467815,5.572190093372963,3.22120940737327,14.441427342832478,8.29984528714706,1,1,0.9863333333333333,0.9713333333333334,3.9279648305233135,2.3509806859996925,6.141582055685419,1,1.0154426904598488
Child_7_12y,C_med,0.5,1,12.014507776710175,6.878150133854463,7.402755049213746,4.242431903951881,19.090668088958385,11.014195711622495,0.9991666666666666,0.9983333333333333,0.9713333333333334,0.9246666666666666,5.136357642855712,3.1603231452618648,8.07647237733589,1.0008347245409015,1.0504686373467917
Child_7_12y,C_med,1,1,11.952791691717554,6.84093335193174,7.44512153549274,4.325414381388613,19.329472340941336,11.07143749565899,1,1,0.9898333333333333,0.9713333333333334,5.1118583397858135,3.1197071541041277,8.258034845282346,1,1.0190459849004805
Child_7_12y,C_med,2,1,12.063029791900114,6.8533531935611185,7.437185298863202,4.160269060536511,19.14628497403774,11.135985837870289,1,1,0.9998333333333334,0.997,5.209676598338995,3.2769162383266908,8.010299136167452,1,1.0028418589100636
Infant_0_6mo,C_high,0.5,0.25,19.768549836122908,13.564101846497733,12.77887385200378,8.883059239047755,30.619001234763115,20.870355446721398,1,1,1,1,6.204447989625175,3.895814612956025,9.748645788041717,1,1
Infant_0_6mo,C_high,1,0.25,19.826125465826987,13.568109929007491,12.64210691425664,8.564661824998216,30.634501283979123,20.819334844425086,1,1,1,1,6.258015536819496,4.077445089258424,9.815166439554037,1,1
Infant_0_6mo,C_high,2,0.25,19.68783137156705,13.429119292108975,12.679282008573711,8.619169660647325,30.51211256280341,21.075666002152424,1,1,1,1,6.258712079458075,4.0601123479263865,9.436446560650985,1,1
Infant_0_6mo,C_high,0.5,0.5,39.31277287899376,27.13033594053159,25.19786967333868,17.106384756492293,61.15407971838533,42.19301159564382,1,1,1,1,12.182436938462171,8.091484916846387,18.961068122741516,1,1
Infant_0_6mo,C_high,1,0.5,39.491659731176455,27.1156201053049,25.54428821411165,17.2610905662144,61.440027977791615,41.89387008825623,1,1,1,1,12.376039625871556,8.28319764789725,19.546157889535387,1,1
Infant_0_6mo,C_high,2,0.5,39.399436554539406,27.227484285742968,25.17603319697467,17.281338152710408,61.11001930982257,42.36196712527972,1,1,1,1,12.171952268796439,7.894695044264264,18.74805218454285,1,1
Infant_0_6mo,C_high,0.5,0.75,59.074025656346734,40.598186008852124,38.331771121722774,26.073008029420468,93.21258010451687,62.75203171996361,1,1,1,1,18.47583964749461,12.258763092302306,30.460548384553263,1,1
Infant_0_6mo,C_high,1,0.75,59.29030030254955,40.95209972772119,38.70887498188946,26.20449243352487,92.67659760238391,63.19478347958306,1,1,1,1,18.338200574828356,12.504382548364589,29.48181412280085,1,1
Infant_0_6mo,C_high,2,0.75,59.1309255044754,40.91573129516783,38.01754845187371,26.25507040268126,93.34204018339378,62.68131565262119,1,1,1,1,18.21519420930757,11.762478049192449,30.66072453077259,1,1
Infant_0_6mo,C_high,0.5,1,79.03814988318555,53.02548260570984,51.24532823735694,34.70422634805833,123.14304031973401,83.03627911013129,1,1,1,1,26.012667277475714,16.54110188929861,40.10676120960272,1,1
Infant_0_6mo,C_high,1,1,78.56027705324608,54.39022242901463,50.73208877415212,35.157106686354716,122.6046699780833,83.97781676210383,1,1,1,1,24.170054624231454,15.574982087797402,38.626853215979466,1,1
Infant_0_6mo,C_high,2,1,78.69972906564739,53.99695657011644,50.40948668945781,34.9998293500207,121.20255395109666,83.29137826817652,1,1,1,1,24.70277249553095,15.40965733943711,37.911175682920145,1,1
Infant_0_6mo,C_low,0.5,0.25,4.935106740170814,2.209122038140057,3.219844965434172,1.3911018241066317,7.651394600451486,3.478206126853805,0.6123333333333333,0.129,0.4921666666666667,0.0026666666666666666,2.7259847020307566,1.8287431413275401,4.173188473597681,4.746770025839793,184.56250000000003
Infant_0_6mo,C_low,1,0.25,4.943228344476191,2.2328352304386483,3.1727735263520946,1.4151224725829796,7.646749403581676,3.427129954703742,0.745,0.328,0.5123333333333333,0.012,2.710393114037543,1.757651053769115,4.219619448877934,2.271341463414634,42.69444444444444
Infant_0_6mo,C_low,2,0.25,4.941990409590373,2.2130661909695823,3.1965073896972576,1.4034321480024399,7.565722114300698,3.439442384538484,0.9858333333333333,0.9193333333333333,0.6106666666666667,0.12666666666666668,2.7289242186207905,1.7930752416948177,4.126279729762214,1.0723350253807107,4.821052631578947
Infant_0_6mo,C_low,0.5,0.5,9.834906445084984,4.439774368543846,6.461319316841527,2.847140874545162,15.230843999046396,6.898087388203243,0.9866666666666667,0.9273333333333333,0.8183333333333334,0.483,5.395132076541138,3.6141784422963648,8.332756610843152,1.063982746225737,1.6942719116632161
Infant_0_6mo,C_low,1,0.5,9.82302378536882,4.42516269117441,6.3609483676171665,2.7873611462685477,15.220457058620932,6.774529184099146,0.9968333333333333,0.9816666666666667,0.892,0.6446666666666667,5.397861094194409,3.573587221348619,8.445927874521786,1.0154499151103564,1.3836608066184073
Infant_0_6mo,C_low,2,0.5,9.842825122293895,4.449043541991448,6.280190598239877,2.83332548605877,15.348882522383708,6.834746433519461,1,1,0.9835,0.9256666666666666,5.393781580302448,3.4468651121811074,8.514136088864246,1,1.0624774936982355
Infant_0_6mo,C_low,0.5,0.75,14.84810690718329,6.643658127758707,9.541623363112695,4.329162060008667,23.346364123707872,10.620969255514392,0.9998333333333334,0.999,0.9846666666666667,0.9286666666666666,8.204448779424583,5.212461303104028,12.72539486819348,1.000834167500834,1.0603015075376885
Infant_0_6mo,C_low,1,0.75,14.806941051829568,6.6260216590821255,9.510331640524425,4.292229176937993,22.681910625264255,10.1880668332103,1,0.9993333333333333,0.9946666666666666,0.969,8.180919392747443,5.218102463586432,12.493843792053955,1.0006671114076051,1.0264877880976953
Infant_0_6mo,C_low,2,0.75,14.956452687070978,6.573732566017206,9.662902208018298,4.226020125212753,23.064415420821994,10.265522963529516,1,1,1,0.9976666666666667,8.382720121053772,5.436882082805545,12.798892457292478,1,1.0023387905111927
Infant_0_6mo,C_low,0.5,1,19.84436214568267,8.714039226377306,12.79456491223334,5.664804513257365,30.511549991437995,13.715263338773989,1,1,0.999,0.992,11.130322919305364,7.129760398975976,16.79628665266401,1,1.0070564516129032
Infant_0_6mo,C_low,1,1,19.824103419897064,8.767039223991404,12.782236345054834,5.653829551586448,30.927461333974726,13.72688457780373,0.9998333333333334,1,0.9993333333333334,0.9986666666666667,11.05706419590566,7.128406793468386,17.200576756170996,0.9998333333333334,1.000667556742323
Infant_0_6mo,C_low,2,1,19.67531257811759,8.80382033138952,12.628649021208362,5.764351413169986,30.734066656527254,13.611878260647236,1,1,1,1,10.87149224672807,6.864297608038377,17.122188395880016,1,1
Infant_0_6mo,C_med,0.5,0.25,9.113814172030981,5.177214438300586,5.883400105825729,3.3487730374997193,14.050519819516474,8.022559808707276,0.9926666666666666,0.98,0.8716666666666666,0.6913333333333334,3.936599733730395,2.5346270683260093,6.027960010809197,1.012925170068027,1.260848601735776
Infant_0_6mo,C_med,1,0.25,9.14865500454849,5.199894147680151,5.893822751552993,3.3894368481027173,14.231546251648235,8.03701425450243,0.9993333333333334,0.9993333333333333,0.9395,0.833,3.948760856868338,2.504385903450276,6.194531997145804,1.0000000000000002,1.1278511404561826
Infant_0_6mo,C_med,2,0.25,9.194858977942378,5.2507078326796,5.873190641288798,3.3923408540952917,14.21216043505661,8.186860008081249,1,1,0.9924999999999999,0.9816666666666667,3.9441511452627775,2.4808497871935065,6.025300426975361,1,1.0110356536502545
Infant_0_6mo,C_med,0.5,0.5,18.084017312493636,10.53141091582635,11.62553758902336,6.645375900207811,27.9995882160702,16.119559885395425,1,1,0.9993333333333334,0.9993333333333333,7.5526063966672865,4.980161688815548,11.880028330674776,1,1.0000000000000002
Infant_0_6mo,C_med,1,0.5,18.1803993155221,10.388687966163761,11.737058684498287,6.651314561328555,28.36161919960952,16.016833118734223,1,1,1,1,7.791711349358337,5.085744123169731,12.344786080875298,1,1
Infant_0_6mo,C_med,2,0.5,18.372619176182095,10.46006169326148,11.922328802780417,6.772040671589834,27.994944617031003,16.476228344732046,1,1,1,1,7.912557482920615,5.150288131190583,11.518716272298956,1,1
Infant_0_6mo,C_med,0.5,0.75,27.35736598680272,15.566673555704032,17.909118681701752,9.934931858852542,42.55865441373165,23.926527825639823,1,1,1,1,11.790692431098687,7.9741868228492105,18.63212658809183,1,1
Infant_0_6mo,C_med,1,0.75,27.328831868566162,15.694617326196134,17.431917691088078,10.292588525701165,42.00062128053618,24.194463332330375,1,1,1,1,11.634214542370028,7.139329165386913,17.806157948205804,1,1
Infant_0_6mo,C_med,2,0.75,27.536277010736562,15.582342229101233,17.74401130754412,10.010627006253612,42.52875035256983,24.152223999330104,1,1,1,1,11.95393478163533,7.733384301290508,18.376526353239726,1,1
Infant_0_6mo,C_med,0.5,1,36.15349877375069,20.782266886036474,23.317519945861235,13.4517986492889,56.80263979462868,32.24706858229284,1,1,1,1,15.371231887714217,9.865721296572335,24.555571212335842,1,1
Infant_0_6mo,C_med,1,1,36.441286452446015,20.765791369628317,23.461641542331076,13.281678635049943,55.44546532962936,32.24125060379079,1,1,1,1,15.675495082817697,10.179962907281134,23.20421472583857,1,1
Infant_0_6mo,C_med,2,1,36.6345668541849,20.790830245224747,23.57272734767529,13.237055217491617,56.53933784565385,32.990199544685936,1,1,1,1,15.84373660896015,10.335672130183672,23.54913830096791,1,1
Infant_6_12mo,C_high,0.5,0.25,16.165291072307102,10.960999711867938,10.190633183852684,7.014554601308311,24.82659720040708,16.834657348526243,1,1,1,0.999,5.204291360439164,3.176078582544373,7.9919398518808364,1,1.001001001001001
Infant_6_12mo,C_high,1,0.25,16.14304114769702,11.091596703843983,10.166017049159178,7.117839125442955,25.035664415543536,17.11633099381391,1,1,1,1,5.051444443853036,3.0481779237162234,7.919333421729625,1,1
Infant_6_12mo,C_high,2,0.25,16.145883998343976,11.150149210374757,10.264285943416851,7.061449259096708,24.953798207457844,17.153491108220575,1,1,1,1,4.995734787969219,3.2028366843201432,7.800307099237269,1,1
Infant_6_12mo,C_high,0.5,0.5,32.27885475288835,22.28714571885174,20.50990979330497,14.30351931388893,50.45662996406435,35.44422687637952,1,1,1,1,9.99170903403661,6.20639047941604,15.012403087684831,1,1
Infant_6_12mo,C_high,1,0.5,32.07753837415994,21.927575912955724,20.683075311849016,13.858694839931792,50.58565913434926,34.469955430816,1,1,1,1,10.149962461204218,6.824380471917225,16.115703703533256,1,1
Infant_6_12mo,C_high,2,0.5,32.29179869659713,22.279328794568414,20.47139489678598,14.229710963876673,50.15291005564643,34.6715113368844,1,1,1,1,10.012469902028712,6.241683932909307,15.48139871876203,1,1
Infant_6_12mo,C_high,0.5,0.75,48.47800884651912,33.02244697204252,30.99070507007999,21.236540630410797,74.25409206448911,51.41442775702921,1,1,1,1,15.455561874476594,9.754164439669193,22.839664307459906,1,1
Infant_6_12mo,C_high,1,0.75,48.06164751048102,32.79650310914259,31.115094108554217,21.030679341072616,74.86048076702085,50.40326180662581,1,1,1,1,15.265144401338432,10.0844147674816,24.45721896039504,1,1
Infant_6_12mo,C_high,2,0.75,48.67274939977864,33.27700608882035,31.10302653246572,21.346001777321014,74.42154151883538,51.3870075268497,1,1,1,1,15.395743310958288,9.757024755144705,23.034533991985683,1,1
Infant_6_12mo,C_high,0.5,1,64.79236539947523,44.537750929264064,41.139839185907945,27.946955768309426,102.10581708413076,68.4387913492541,1,1,1,1,20.254614470211166,13.19288341759852,33.66702573487666,1,1
Infant_6_12mo,C_high,1,1,63.97701199405128,44.06354914336926,41.58088535859207,28.433995652246185,101.49297531184754,69.028712981226235,1,1,1,1,19.913462850682023,13.146889706345885,32.46426233062131,1,1
Infant_6_12mo,C_high,2,1,64.4188102712698,43.91928660480198,41.1495650286464,28.81190367428717,99.83139812028162,68.12307985594273,1,1,1,1,20.499523666467823,12.33766135435923,31.708318264338885,1,1
Infant_6_12mo,C_low,0.5,0.25,4.050912575795895,1.7850293712692014,2.5855968736448,1.1557827745242772,6.303487699868242,2.8081154819487595,0.5341666666666667,0.031,0.43533333333333335,6.666666666666666e-4,2.2658832045266935,1.4298140991205226,3.4953722179194826,17.231182795698924,653
Infant_6_12mo,C_low,1,0.25,4.0281470603891165,1.8123188729833344,2.5583251914184686,1.1595063370131473,6.269044611181089,2.8167707460430003,0.6085,0.12,0.4696666666666667,0.001,2.215828187405782,1.3988188544053213,3.4522738651380886,5.070833333333334,469.6666666666667
Infant_6_12mo,C_low,2,0.25,4.08117927399172,1.8072065946746196,2.5948446394816926,1.174225764762187,6.334656666826931,2.8197992708338124,0.9341666666666666,0.7613333333333333,0.532,0.027666666666666666,2.2739726793171,1.4206188747195057,3.514857395993119,1.2270140105078808,19.228915662650603
Infant_6_12mo,C_low,0.5,0.5,7.9965239717300065,3.5770646578732426,5.176427932741255,2.2736271322087793,12.544003678631299,5.613884992699064,0.9259999999999999,0.7513333333333333,0.6746666666666666,0.21133333333333335,4.419459313856764,2.902800800532476,6.930118685932235,1.2324755989352263,3.1924290220820186
Infant_6_12mo,C_low,1,0.5,8.043604874258435,3.5854936823323125,5.152231015843388,2.3145552998558574,12.479723115109486,5.600778769391729,0.9806666666666667,0.906,0.7545,0.3453333333333333,4.458111191926122,2.837675715987531,6.878944345717757,1.0824135393671817,2.18484555984556
Infant_6_12mo,C_low,2,0.5,8.021419299193159,3.6296207727887797,5.111203127767793,2.304645858335745,12.626958694926422,5.5809753388751995,0.9998333333333334,0.9996666666666667,0.9351666666666667,0.7523333333333333,4.391798526404379,2.8065572694320484,7.045983356051223,1.0001667222407469,1.243021710234825
Infant_6_12mo,C_low,0.5,0.75,12.028386117486114,5.418309394403347,7.724532878408414,3.456606225813942,18.794298065106414,8.454389613806697,0.99783333333333335,0.9826666666666667,0.9295,0.7506666666666667,6.610076723082767,4.267926652594472,10.339908451299717,1.0154341926729986,1.2382326820603906
Infant_6_12mo,C_low,1,0.75,12.066170890612508,5.422152425833653,7.827087925546138,3.473415486822503,18.858992610998047,8.330410147316734,0.9996666666666667,0.9983333333333333,0.9643333333333333,0.8696666666666667,6.6440184647788545,4.353672438723635,10.528582463681314,1.0013355592654425,1.1088539670371789
Infant_6_12mo,C_low,2,0.75,12.145881079232113,5.439455397722954,7.786275360323419,3.4905238077947454,18.86555997965893,8.451384827765729,1,1,0.9968333333333333,0.9876666666666667,6.70642568150916,4.295751552528674,10.4141751518932,1,1.0092811339858252
Infant_6_12mo,C_low,0.5,1,15.970063007761759,7.2323904813914774,10.346732797948043,4.616274149867827,25.032367445817197,11.334734724010143,1,0.9996666666666667,0.9938333333333333,0.9593333333333334,8.737672526370282,5.730458648080216,13.697632721807054,1.0003334444814937,1.0359624739402362
Infant_6_12mo,C_low,1,1,16.08990637282174,7.273999045353027,10.431542869852436,4.655041491064065,25.296762806970456,11.439951685213185,1,0.9996666666666667,0.9983333333333333,0.986,8.815907327468715,5.776501378788371,13.856811121757271,1.0003334444814937,1.0125084516565246
Infant_6_12mo,C_low,2,1,16.115938759015357,7.3168141525354295,10.292707567140232,4.61951838089779,25.543375007419115,11.253659704013465,1,1,1,0.9996666666666667,8.799124606479928,5.673189186242442,14.28971530340565,1,1.0003334444814937
Infant_6_12mo,C_med,0.5,0.25,7.438280936086777,4.2918288399031415,4.798842893156479,2.732106507498364,11.677067714086743,6.675573482551111,0.9601666666666666,0.9026666666666666,0.737,0.419,3.1464520961836353,2.066736385658115,5.001494231535632,1.0637001477104875,1.7589498806682577
Infant_6_12mo,C_med,1,0.25,7.498799049368926,4.210092053535618,4.808799022081832,2.7215276085660793,11.523197206389263,6.657111920170733,0.9908333333333333,0.9736666666666667,0.8286666666666667,0.5773333333333334,3.2887069958333077,2.0872714135157526,4.86608528621853,1.017630948305375,1.4353348729792148
Infant_6_12mo,C_med,2,0.25,7.421395776495071,4.2413750954078004,4.741204563181297,2.731956324319479,11.620073341852411,6.582820662347692,0.9998333333333334,1,0.9608333333333333,0.901,3.180020681087271,2.009248238861818,5.037252679504719,0.9998333333333334,1.066407695153533
Infant_6_12mo,C_med,0.5,0.5,14.920745784265769,8.479262200127062,9.358691705937968,5.369280887658965,23.155934895184167,13.208063759940243,1,1,0.99783333333333335,0.987,6.441483584138707,3.989410818279003,9.947871135243924,1,1.0109760216143195
Infant_6_12mo,C_med,1,0.5,14.870143289910406,8.516394131416632,9.623408604079897,5.4302271313973876,23.392545635487924,13.281944901694853,1,1,0.9991666666666666,0.998,6.353749158493773,4.193181472682509,10.11060073379307,1,1.0011690046760187
Infant_6_12mo,C_med,2,0.5,14.803085778681973,8.444628788251189,9.589070929260226,5.383879222046251,23.060096102792684,13.237208911529228,1,1,1,1,6.358456990430785,4.205191707213975,9.822887191263456,1,1
Infant_6_12mo,C_med,0.5,0.75,22.218087787661062,12.859179447793334,14.284175593110525,8.178136056691965,34.35627196413085,20.091574242973163,1,1,1,1,9.358908339867728,6.10603953641856,14.264697721157685,1,1
Infant_6_12mo,C_med,1,0.75,22.20300602577523,12.72345015235328,14.311611909161147,8.18952970433068,34.42462925977267,19.878282756124044,1,1,1,1,9.479555873421951,6.122082204830468,14.546346503648628,1,1
Infant_6_12mo,C_med,2,0.75,22.26799384716999,12.724966515557817,14.393981135690579,8.132208475871153,34.47591712102856,19.481438010049228,1,1,1,1,9.543027331612173,6.261772659819426,14.99447911097933,1,1
Infant_6_12mo,C_med,0.5,1,29.815928388791065,17.045560642808212,18.823602450659592,11.102625638073203,47.01343165622491,26.735871476054186,1,1,1,1,12.770367745982853,7.72097681258639,20.277560180170724,1,1
Infant_6_12mo,C_med,1,1,29.760648024163917,17.22897979200948,19.048699365597184,10.9650596722266,46.35269091863524,26.6508391226398,1,1,1,1,12.531668232154438,8.083639693370584,19.70185179599544,1,1
Infant_6_12mo,C_med,2,1,29.624861318182855,17.11390657310524,19.161623240859864,10.914695049726252,46.035041058459385,26.55607172476269,1,1,1,1,12.510954745077616,8.246928191133613,19.478969333696696,1,1
Pregnant_Adult,C_high,0.5,0.25,1.2781134287946925,0.8775736642064377,0.7218217076989956,0.5011653342172565,2.186874469643005,1.489813072746174,0.0155,0,3.333333333333333e-4,0,0.4005397645882548,0.22065637348173905,0.6970613968968309,Inf,Inf
Pregnant_Adult,C_high,1,0.25,1.289362655711866,0.8980104082706712,0.7184614872823722,0.507106352376915,2.1674810755589258,1.5210923555764575,0.04583333333333334,0,8.333333333333334e-4,0,0.3913522474411948,0.2113551349054572,0.6463887199824683,Inf,Inf
Pregnant_Adult,C_high,2,0.25,1.2884017576965896,0.8771653389580851,0.7213749883799723,0.5017909020453435,2.1867184324084548,1.5018613754060495,0.3371666666666667,0.050333333333333334,0.014666666666666666,0,0.41123641873850447,0.21958408633462878,0.6848570570024053,6.698675496688743,Inf
Pregnant_Adult,C_high,0.5,0.5,2.56905667849167,1.7583878885791424,1.44143466317992,1.0098460925243535,4.299528453425335,2.954298514571019,0.336,0.044333333333333336,0.07700000000000001,3.333333333333333e-4,0.8106687899125278,0.43158857065556644,1.3452299388543159,7.578947368421053,231.00000000000006
Pregnant_Adult,C_high,1,0.5,2.5981581249443177,1.7605926938330805,1.4670858477668083,0.9889885579769713,4.32807343045808,2.98176058926227,0.4866666666666667,0.141,0.13616666666666666,0.0036666666666666666,0.8375654311112373,0.478097289789837,1.3463128411958096,3.4515366430260053,37.13636363636363
Pregnant_Adult,C_high,2,0.5,2.567154131560236,1.7897219001563318,1.4458066564205418,0.9990519677160049,4.333050856708832,3.0063096722200777,0.865,0.694,0.33766666666666667,0.050333333333333334,0.7774322314039042,0.44675468870453694,1.3267411844887542,1.2463976945244957,6.708609271523179
Pregnant_Adult,C_high,0.5,0.75,3.8619545679122442,2.655336090096371,2.1575565340617318,1.4890796647424722,6.463930587130559,4.410578688701426,0.6679999999999999,0.355,0.34099999999999997,0.044333333333333336,1.2066184778158733,0.6684768693192595,2.053351898429133,1.8816901408450704,7.6917293233082695
Pregnant_Adult,C_high,1,0.75,3.8605235724783427,2.6557011176168315,2.188597578693536,1.4963571327785705,6.545431455601023,4.392986667780989,0.8063333333333333,0.5743333333333334,0.43266666666666664,0.09433333333333334,1.2048224548615112,0.6922404459149654,2.152444787820034,1.403946604759141,4.586572438162544
Pregnant_Adult,C_high,2,0.75,3.8732867322552798,2.630569857578067,2.1826835480746523,1.511004182718681,6.533058808968818,4.421071413295935,0.9851666666666667,0.9516666666666667,0.679,0.35,1.2427168746772126,0.6716793653559712,2.111987395672883,1.0352014010507882,1.9400000000000002
Pregnant_Adult,C_high,0.5,1,5.151289312281378,3.5624142841937165,2.9291496652443687,1.9657738447953752,8.670893102156956,5.975238968140439,0.863,0.6886666666666666,0.5756666666666667,0.23333333333333334,1.5888750280876613,0.9633758204489935,2.695654134016517,1.2531461761858664,2.467142857142857
Pregnant_Adult,C_high,1,1,5.186353378242817,3.4648277810407553,2.927983367440037,1.9264648865737686,8.685299908260838,5.951966327793418,0.9411666666666667,0.825,0.6826666666666668,0.342,1.7215255972020618,1.0015184808662683,2.73333358046742,1.140808080808081,1.9961013645224173
Pregnant_Adult,C_high,2,1,5.145967935473154,3.60278213144111,2.915859979973429,2.0129362798047996,8.595748857145685,6.035373896885469,0.9981666666666666,0.992,0.8671666666666666,0.704,1.5431858040320439,0.9029237001686292,2.5603749602602157,1.0062163978494623,1.2317708333333333
Pregnant_Adult,C_low,0.5,0.25,0.3218123553138965,0.14522056572948183,0.18171312045577476,0.08165568959824152,0.5401368978716575,0.24629924949497817,0,0,0,0,0.17659178958441468,0.10005743085753324,0.29383764837667936,NA,NA
Pregnant_Adult,C_low,1,0.25,0.32074694740185766,0.14492913821392572,0.18156589490209907,0.08230985629098425,0.5422156863360302,0.24095955321367862,0,0,0,0,0.17581780918793194,0.09925603861111482,0.3012561331223516,NA,NA
Pregnant_Adult,C_low,2,0.25,0.3208159823091179,0.14188620140308528,0.1778509707507189,0.0809641251763176,0.5461812343714785,0.24842825487003295,0,0,0,0,0.17892978090603262,0.0968868455744013,0.2977529795014455,NA,NA
Pregnant_Adult,C_low,0.5,0.5,0.6474043683413059,0.28806471535928313,0.36218415074797716,0.16625600474396046,1.098282332423664,0.47510992152511605,0,0,0,0,0.35933965298202275,0.1959281460040167,0.6231724108985479,NA,NA
Pregnant_Adult,C_low,1,0.5,0.6462811826449888,0.2871167131201664,0.35951705108883514,0.16593879913335968,1.0955450579339276,0.48048995005721096,5e-4,0,0,0,0.3591644695248224,0.19357825195547546,0.6150551078767167,Inf,NA
Pregnant_Adult,C_low,2,0.5,0.6452655811967232,0.28718170380179964,0.36249064443078016,0.15935291013522876,1.073432212157444,0.49574281816561144,0.04033333333333333,0,0,0,0.35808387739492353,0.2031377342955514,0.5776893939918326,Inf,NA
Pregnant_Adult,C_low,0.5,0.75,0.9672738913830662,0.4322766015313181,0.5511490821992022,0.2507701437430903,1.6248730742587076,0.7315704882644352,0.004833333333333334,0,0,0,0.5349972898517481,0.3003789384561119,0.8933025859942725,Inf,NA
Pregnant_Adult,C_low,1,0.75,0.9707266490137713,0.4280612350534866,0.5455653293635279,0.24313455886838986,1.655352405155743,0.7246971022440907,0.023333333333333334,0,0,0,0.5426654139602847,0.302430770495138,0.9306553029116522,Inf,NA
Pregnant_Adult,C_low,2,0.75,0.9582842399965991,0.43380383715003457,0.5456940342946024,0.2460123754210723,1.6076576874466981,0.7256647799933093,0.22683333333333333,0,0.005,0,0.5244804028465645,0.2996816588735301,0.8819929074533889,Inf,Inf
Pregnant_Adult,C_low,0.5,1,1.2826473503329427,0.5755174143866244,0.7259699900956099,0.3234210354531713,2.165626967751312,0.9793657735106489,0.03933333333333333,0,0.0015,0,0.7071299359463183,0.4025489546424386,1.1862611942406631,Inf,Inf
Pregnant_Adult,C_low,1,1,1.2923980159172364,0.57307272145555,0.7306960506487733,0.33091057566246795,2.214746653505277,0.9654091924979644,0.11216666666666666,0,0.005833333333333334,0,0.7193252944616864,0.39978547498630534,1.2493374610073125,Inf,Inf
Pregnant_Adult,C_low,2,1,1.2913975313557726,0.5737087468443649,0.7237657030015962,0.33155728262769213,2.2046814035705498,0.9649549252479452,0.3918333333333333,0.001,0.043,0,0.7176887845114077,0.392208420373904,1.2397264783226045,391.8333333333333,Inf
Pregnant_Adult,C_med,0.5,0.25,0.5927427058192645,0.3416108154005034,0.3343850297830555,0.19427774487653326,0.9991901908040781,0.58759501393951,0,0,0,0,0.25113189041876105,0.14010728490652224,0.41159517686456815,NA,NA
Pregnant_Adult,C_med,1,0.25,0.592893099095919,0.3391934516973416,0.3406922921102262,0.19225156192076276,0.997186672211401,0.5756587396499417,0,0,0,0,0.2536996473985774,0.14844073018946347,0.42152793256145926,NA,NA
Pregnant_Adult,C_med,2,0.25,0.5948825362659174,0.3439592549836774,0.33612507975157174,0.1897036836981859,0.9972917296301596,0.5779616645803887,0.017833333333333333,0,0,0,0.25092328128223995,0.14642139605338583,0.4193300650497709,Inf,NA
Pregnant_Adult,C_med,0.5,0.5,1.1715060106804778,0.6783540576521873,0.6639039819585661,0.38269955663874167,2.009425476452491,1.168738471321614,0.01633333333333333,0,3.333333333333333e-4,0,0.4931519530282905,0.2812044253198245,0.840687005130877,Inf,Inf
Pregnant_Adult,C_med,1,0.5,1.1931563788056265,0.6755563131548805,0.6725660027572955,0.38281283488659906,1.9630834479283816,1.1309648791411215,0.0475,0,0.001,0,0.517600065650746,0.28975316787069644,0.8321185687872601,Inf,Inf
Pregnant_Adult,C_med,2,0.5,1.2001317407534517,0.6773694483459902,0.6665609561875361,0.386405539073684,2.0211750101449826,1.1539002270174346,0.32083333333333336,0.004666666666666667,0.017,0,0.5227622924074615,0.28015541711385206,0.867274783127548,68.75,Inf
Pregnant_Adult,C_med,0.5,0.75,1.7908703342224885,1.0281350814620307,1.0124413714700378,0.5791891011127608,3.0320450883465537,1.752008026570533,0.15483333333333332,0,0.017333333333333333,0,0.7627352527604578,0.433252270357277,1.2800370617760208,Inf,Inf
Pregnant_Adult,C_med,1,0.75,1.7796677150684592,1.0179531942889335,0.9973050179650578,0.5685244869646403,2.9966399882403048,1.708746717164579,0.24933333333333335,0.002,0.0375,0,0.7617145207795257,0.42878053100041746,1.2878932710757258,124.66666666666667,Inf
Pregnant_Adult,C_med,2,0.75,1.7822740532541643,1.0130128777193261,1.0204656375194086,0.5815323697606652,3.0237116844314573,1.7310250179578153,0.5375,0.11633333333333333,0.14850000000000002,6.666666666666666e-4,0.7692611755348382,0.4389332677587433,1.292686666473642,4.6203438395415475,222.75000000000003
Pregnant_Adult,C_med,0.5,1,2.361461760869526,1.366495783330555,1.331817911757244,0.7707877947516928,4.008974937589154,2.2725185640351975,0.3081666666666667,0.0036666666666666666,0.08366666666666667,0,0.9949659775389708,0.5610301170055512,1.7364563735539567,84.04545454545456,Inf
Pregnant_Adult,C_med,1,1,2.359769357498783,1.357587055443365,1.3524388942578378,0.780986969019581,3.991757500365014,2.3309675780175225,0.41300000000000003,0.03166666666666667,0.15166666666666667,0,1.002182302055418,0.5714519252382568,1.6607899223474916,13.042105263157895,Inf
Pregnant_Adult,C_med,2,1,2.363149762917919,1.3572786451432357,1.3312625448095765,0.7757930997545228,3.9827779794127176,2.308759978677984,0.7003333333333334,0.374,0.31083333333333335,0.005333333333333333,1.0058711177746833,0.5554694450550537,1.6740180007347334,1.8725490196078431,58.28125000000001
Teen_13_17y,C_high,0.5,0.25,3.2289968902144652,2.2096457395103033,2.004412195666383,1.3698025506497442,5.259593288389065,3.6302622272848035,0.5343333333333333,0.14733333333333334,0.19733333333333333,0.008333333333333333,1.019351150704162,0.6346096450166387,1.6293310611042617,3.626696832579185,23.68
Teen_13_17y,C_high,1,0.25,3.2517184663988536,2.239417583515974,2.020508487191387,1.3983144239058152,5.264200004415602,3.5670979903972593,0.6983333333333334,0.362,0.2871666666666667,0.019,1.0123008828828794,0.622194063285572,1.6971020140183426,1.9290976058931861,15.1140350877193
Teen_13_17y,C_high,2,0.25,3.2438705119772733,2.2131960401468582,2.0099108781989017,1.3631972279178903,5.190111721875443,3.566521937616103,0.9715,0.896,0.5249999999999999,0.151,1.030674471830415,0.6467136502810114,1.62358978425934,1.0842633928571428,3.4768211920529795
Teen_13_17y,C_high,0.5,0.5,6.476492950029819,4.412211910854154,4.008155842029199,2.7424648207186335,10.416473532669107,7.2185459513533825,0.9696666666666667,0.9073333333333333,0.7818333333333334,0.4746666666666667,2.0642810391756647,1.2656910213105652,3.1979275813157244,1.0686994856722998,1.647120786516854
Teen_13_17y,C_high,1,0.5,6.512279002604031,4.485321583014603,4.00288383787314,2.8126096975763906,10.407089280082689,7.2445528834874695,0.9923333333333333,0.9776666666666667,0.8505,0.6556666666666666,2.0269574195894284,1.1902741402967498,3.162536396595219,1.0150017047391748,1.2971530249110321
Teen_13_17y,C_high,2,0.5,6.513265737476885,4.43859968807644,4.0328398743541385,2.7504213504679274,10.615887796726314,7.154373026186699,1,1,0.9724999999999999,0.9093333333333333,2.074666049400445,1.2824185238862111,3.4615147705396154,1,1.069464809384164
Teen_13_17y,C_high,0.5,0.75,9.741875655491377,6.674570015046943,6.011332694690056,4.151770559210979,15.670512758417058,10.89039990088858,0.999,0.9976666666666667,0.9686666666666667,0.9106666666666666,3.0673056404444337,1.8595621354790772,4.7801128575284775,1.0013364517206815,1.0636896046852125
Teen_13_17y,C_high,1,0.75,9.748209429610695,6.617763742446699,6.079219837114527,4.10577366722608,15.874450666985695,10.874166524522183,1,0.9993333333333333,0.9891666666666667,0.959,3.130445687163996,1.9734461698884473,5.000284142463512,1.0006671114076051,1.0314563781717068
Teen_13_17y,C_high,2,0.75,9.730977669293674,6.6454622075872605,6.012151623676349,4.127090140652418,15.9598571854375,10.572744964555177,1,1,0.999,0.9966666666666667,3.0855154617064136,1.8850614830239314,5.387112220882322,1,1.0023411371237458
Teen_13_17y,C_high,0.5,1,13.000255277909426,8.86023546162859,8.160542008208097,5.440413615823687,20.994251776490305,14.438027514372518,1,1,0.997,0.9913333333333333,4.1400198162808355,2.72012839238441,6.556224262117787,1,1.0057162071284467
Teen_13_17y,C_high,1,1,13.054225033024032,8.850401572232249,8.08209819198252,5.5879744570512555,20.868187601945007,14.321846822327277,1,1,0.9993333333333334,0.9976666666666667,4.203823460791783,2.4941237349312653,6.546340779617729,1,1.0016705646508521
Teen_13_17y,C_high,2,1,13.00415576487861,8.898187674139393,8.04487464832712,5.471648490153896,20.922560813526854,14.4357925797124,1,1,1,0.9996666666666667,4.105968090739216,2.573226158173224,6.486768233814454,1,1.0003334444814937
Teen_13_17y,C_low,0.5,0.25,0.8085713990355786,0.36576691027731306,0.5090207252401499,0.223530345666831,1.300874926146604,0.5823616196854509,5e-4,0,0,0,0.44280448875826556,0.28549037957331885,0.7185133064611531,Inf,NA
Teen_13_17y,C_low,1,0.25,0.8175002976268043,0.360689742047978,0.5016080454786066,0.225203497264597,1.3151188536834049,0.593364129938332,0.0026666666666666666,0,0,0,0.4568105555788263,0.2764045482140096,0.7217547237450729,Inf,NA
Teen_13_17y,C_low,2,0.25,0.8037367928677973,0.36212304655296257,0.5020598647975639,0.22601194575760652,1.3065863297796483,0.5858249509025768,0.11416666666666667,0,1.6666666666666666e-4,0,0.44161374631483474,0.2760479190399574,0.7207613788770715,Inf,Inf
Teen_13_17y,C_low,0.5,0.5,1.6061787355971895,0.7155635633964772,1.0108965204489435,0.4502929807242284,2.6332892546703897,1.166220154221787,0.113,0,0.008333333333333333,0,0.8906151722007123,0.5606035397247151,1.4670691004486027,Inf,Inf
Teen_13_17y,C_low,1,0.5,1.6135904654178599,0.7286232288473956,1.0133216163381258,0.444677332757224,2.6025771491262057,1.1675163037470089,0.2315,0,0.019166666666666665,0,0.8849672365704643,0.5686442835809018,1.4350608453791969,Inf,Inf
Teen_13_17y,C_low,2,0.5,1.6052814770877362,0.7203244978581747,0.9995025180682373,0.44176435625967886,2.6016379527891558,1.1755819723379042,0.48383333333333334,0.006333333333333333,0.11866666666666667,0,0.8849569792295615,0.5577381618085584,1.4260559804512516,76.39473684210526,Inf
Teen_13_17y,C_low,0.5,0.75,2.4531963201823546,1.0954916288675054,1.5252889416520807,0.6790701899616907,3.947848958379462,1.7611456216898718,0.379,0,0.122,0,1.3577046913148492,0.8462187516903901,2.1867033366895905,Inf,Inf
Teen_13_17y,C_low,1,0.75,2.4393290916479042,1.0960069803265982,1.5167229423013728,0.6614862014630827,3.871688789003396,1.7819431619432902,0.45766666666666667,0.002,0.1865,0,1.343322111321306,0.8552367408382902,2.089745627060106,228.83333333333331,Inf
Teen_13_17y,C_low,2,0.75,2.4440565546115294,1.0896294644669064,1.5177531813902996,0.6622452202672787,3.9312978919127866,1.7685363575514694,0.6205,0.135,0.37716666666666665,3.333333333333333e-4,1.354427090144623,0.8555079611230209,2.162761534361317,4.5962962962962965,1131.5
Teen_13_17y,C_low,0.5,1,3.2396854506325985,1.4454120029716995,2.002200459340589,0.8822141139467456,5.224710774466917,2.3172607251392265,0.4846666666666667,0.006666666666666667,0.30033333333333334,0,1.794273447660899,1.1199863453938432,2.9074500493276907,72.7,Inf
Teen_13_17y,C_low,1,1,3.2354698147594685,1.450472608237725,1.98966819470703,0.903334740356249,5.21531707028088,2.294970571365836,0.5288333333333333,0.024333333333333332,0.3715,3.333333333333333e-4,1.7849972065217434,1.086333454350781,2.9203464989150443,21.732876712328764,1114.5
Teen_13_17y,C_low,2,1,3.2573409815279923,1.4415810114631722,2.0215792062264457,0.8984054415867226,5.332282860711958,2.352325458014511,0.8001666666666667,0.44466666666666665,0.48633333333333334,0.005,1.8157599700648202,1.123173764639723,2.9799574026974467,1.7994752623688157,97.26666666666667
Teen_13_17y,C_med,0.5,0.25,1.4987373563684145,0.8513711925417449,0.9281527603914259,0.523851694885619,2.4166674361139857,1.357912752178287,0.05516666666666667,0,0.0016666666666666668,0,0.6473661638266697,0.4043010655058069,1.0587546839356987,Inf,Inf
Teen_13_17y,C_med,1,0.25,1.4877946727873044,0.8554643925571175,0.9374637424330938,0.5408988618893377,2.4224199002027165,1.362838078763975,0.13066666666666665,0,0.0065,0,0.6323302802301869,0.39656488054375616,1.0595818214387416,Inf,Inf
Teen_13_17y,C_med,2,0.25,1.5051542903925166,0.8534017497067294,0.9341838627338281,0.523754525793697,2.435283474763919,1.3810101891420674,0.4615,0.026333333333333334,0.057,0,0.6517525406857871,0.4104293369401312,1.0542732856218515,17.525316455696203,Inf
Teen_13_17y,C_med,0.5,0.5,2.9994774810141696,1.741047465852395,1.8947409058997229,1.0628330440956388,4.864695902670255,2.837162415070144,0.46033333333333337,0.033666666666666664,0.20416666666666666,3.333333333333333e-4,1.2584300151617747,0.831907861804084,2.027533487600111,13.673267326732676,612.5
Teen_13_17y,C_med,1,0.5,2.976900492934747,1.7131654682319368,1.8477321555839228,1.0702072450698006,4.8435317565127605,2.7344633905509586,0.5415000000000001,0.09366666666666666,0.2823333333333333,0.002,1.26373502470281,0.7775249105141222,2.109068365961802,5.781138790035588,141.16666666666666
Teen_13_17y,C_med,2,0.5,2.9685255331292093,1.7206292752185255,1.8384670754175578,1.0561413688303691,4.828081342550501,2.790427830803104,0.8616666666666667,0.6803333333333333,0.45199999999999996,0.028666666666666667,1.2478962579106838,0.7823257065871887,2.037653511747397,1.2665360117589417,15.767441860465114
Teen_13_17y,C_med,0.5,0.75,4.493870616714273,2.588744617400575,2.782121385743391,1.6227524768234725,7.244319498821504,4.227024195267668,0.6711666666666667,0.31333333333333335,0.45933333333333337,0.030666666666666665,1.905125999313698,1.1593689089199186,3.017295303553836,2.1420212765957447,14.978260869565219
Teen_13_17y,C_med,1,0.75,4.532632259885821,2.54251646984321,2.8089852939828663,1.5861151711796948,7.362736805348044,4.084042405399581,0.7936666666666666,0.518,0.5188333333333333,0.058333333333333334,1.9901157900426107,1.2228701228031715,3.2786943999484635,1.532175032175032,8.894285714285713
Teen_13_17y,C_med,2,0.75,4.519816860921564,2.591035209360004,2.809803099417273,1.6054018430336299,7.153282293051678,4.2545831561586835,0.9886666666666667,0.968,0.6656666666666666,0.30833333333333335,1.9287816515615597,1.2044012563836433,2.8986991368929944,1.0213498622589532,2.1589189189189186
Teen_13_17y,C_med,0.5,1,5.984881808418942,3.443402161984768,3.7131989876026443,2.143125641284589,9.767686641155823,5.595596309093815,0.8581666666666667,0.6903333333333334,0.6005,0.175,2.541479646434174,1.5700733463180554,4.172090332062008,1.2431192660550459,3.431428571428572
Teen_13_17y,C_med,1,1,6.021664046062161,3.475605466129269,3.6922759569531083,2.1212741509021584,9.691306800306915,5.585065699420142,0.9428333333333334,0.8703333333333333,0.6655,0.31233333333333335,2.546058579932892,1.5710018060509499,4.1062411008867725,1.083301417081578,2.130736392742796
Teen_13_17y,C_med,2,1,5.940301841215696,3.4225922116784395,3.6821633596884498,2.0884748366887385,9.604840249946896,5.589778334046012,0.9993333333333334,0.9986666666666667,0.8573333333333333,0.6746666666666666,2.5177096295372565,1.5936885229997113,4.015061915900884,1.000667556742323,1.2707509881422925
Toddler_1_2y,C_high,0.5,0.25,10.060937118317412,6.995003618717459,6.420225245519342,4.4823871160563735,15.833080845614624,10.678211950269786,0.9993333333333334,0.9996666666666667,0.9816666666666667,0.949,3.0659334995999528,1.9378381294629685,5.154868895344839,0.9996665555185063,1.0344221988057605
Toddler_1_2y,C_high,1,0.25,10.044895503715756,6.911975094502711,6.338033870696313,4.325102671865237,16.066720526338823,10.973387600513615,1,1,0.9911666666666666,0.9733333333333334,3.1329204092130443,2.012931198831076,5.093332925825209,1,1.018321917808219
Toddler_1_2y,C_high,2,0.25,10.054150695273805,6.9391275572471045,6.434122541360137,4.416452835638496,15.895752280288916,10.955437751184679,1,1,1,0.9986666666666667,3.1150231380267,2.017669705721641,4.940314529104237,1,1.0013351134846462
Toddler_1_2y,C_high,0.5,0.5,20.27393697642841,13.899953754320233,12.77046637533348,8.878530822083059,31.448427980790775,21.72366598997152,1,1,1,1,6.373983222108176,3.8919355532504216,9.724761990819257,1,1
Toddler_1_2y,C_high,1,0.5,20.279851305452713,13.789687582105621,12.923218498245657,8.912993013191578,31.731456435086077,21.385387207478374,1,1,1,1,6.4901637233470915,4.010225485054079,10.346069227607703,1,1
Toddler_1_2y,C_high,2,0.5,20.20493325725548,13.82777867836753,12.75786211971704,8.687975870920722,31.817669719025005,21.749212296596546,1,1,1,1,6.37715457888795,4.069886248796317,10.068457422428459,1,1
Toddler_1_2y,C_high,0.5,0.75,30.484794516154487,20.687007509047536,19.268268868033438,13.277496353260101,47.72157153725349,32.06648377344175,1,1,1,1,9.797787007106951,5.990772514773337,15.655087763811736,1,1
Toddler_1_2y,C_high,1,0.75,30.32615848190257,20.721003869325443,18.972414487664622,13.090755390892518,47.86218323832583,33.30307603726686,1,1,1,1,9.605154612577127,5.881659096772104,14.559107201058964,1,1
Toddler_1_2y,C_high,2,0.75,30.449187279206384,20.705988508707676,19.127143204401857,13.060341828184967,47.98335227042372,32.16937977820386,1,1,1,1,9.743198770498708,6.06680137621689,15.813972492219861,1,1
Toddler_1_2y,C_high,0.5,1,40.188296738354616,27.530419466352498,25.733373062072168,17.592345220545358,63.04729781977876,43.43927241694662,1,1,1,1,12.657877272002118,8.14102784152681,19.60802540283214,1,1
Toddler_1_2y,C_high,1,1,40.371349611681865,27.446895150422733,25.69966819079753,17.707598825852358,63.93581249210522,42.995357608738466,1,1,1,1,12.924454461259131,7.9920693649451735,20.940454883366755,1,1
Toddler_1_2y,C_high,2,1,40.36159372545154,27.78456774138595,25.47085708520266,17.673281282727242,63.61948705689001,43.01722252966171,1,1,1,1,12.577025984065592,7.797575802475418,20.6022645272283,1,1
Toddler_1_2y,C_low,0.5,0.25,2.5276188186464967,1.1261661682179023,1.5823116714285834,0.7034029193182665,3.9347356062261403,1.778012762652232,0.402,3.333333333333333e-4,0.135,0,1.4014526504285945,0.8789087521103169,2.1567228435739083,1206,Inf
Toddler_1_2y,C_low,1,0.25,2.527486889169587,1.1344907302405465,1.5997752363605586,0.7400473483026229,3.9445368702266963,1.7852883178608616,0.4678333333333333,0.0013333333333333333,0.21266666666666667,0,1.3929961589290405,0.8597278880579358,2.1592485523658347,350.875,Inf
Toddler_1_2y,C_low,2,0.25,2.5432197193712542,1.1144351767637426,1.606416024535318,0.7255961811768286,3.9386259176048233,1.7576702996940157,0.6358333333333334,0.14333333333333334,0.40449999999999997,0,1.4287845426075116,0.8808198433584895,2.180955617910808,4.436046511627907,Inf
Toddler_1_2y,C_low,0.5,0.5,5.019182692905581,2.2530400899000034,3.206691092067367,1.4429282594114319,7.8027767025164865,3.5364946494541867,0.6321666666666667,0.15366666666666667,0.4945,0.004666666666666667,2.7661426030055773,1.763762832655935,4.2662820530623,4.113882863340564,105.96428571428571
Toddler_1_2y,C_low,1,0.5,5.043329513439943,2.2454442662667686,3.21359827558619,1.4162406680493023,7.784314712653485,3.5502094244034295,0.7608333333333334,0.3486666666666667,0.5196666666666666,0.020333333333333332,2.7978852471731743,1.7973576075368878,4.234105288250055,2.1821223709369026,25.557377049180328
Toddler_1_2y,C_low,2,0.5,5.090995413161054,2.2693059118453007,3.237263764274731,1.4314719770412456,7.954666113489376,3.5755597697027404,0.9858333333333333,0.9266666666666666,0.6356666666666667,0.15666666666666668,2.8216895013157535,1.8057917872334854,4.379106343786635,1.0638489208633093,4.0574468085106385
Toddler_1_2y,C_low,0.5,0.75,7.647963871693027,3.3778613241386752,4.882376138518858,2.1282721112865715,11.971571159969358,5.404954871821734,0.9095,0.6713333333333333,0.6386666666666667,0.15666666666666668,4.270102547554352,2.754104027232287,6.566616288147624,1.3547666335650446,4.076595744680851
Toddler_1_2y,C_low,1,0.75,7.580622768503661,3.346374517053178,4.778851820487447,2.140491686693326,11.984681231403188,5.3060479831828,0.9704999999999999,0.862,0.7183333333333333,0.263,4.234248251450483,2.638360133794121,6.678633248220389,1.1258700696055683,2.7313054499366283
Toddler_1_2y,C_low,2,0.75,7.534352488128761,3.377611564879195,4.747214502707578,2.1430513638415962,11.990068904440161,5.319512393416705,1,0.9983333333333333,0.8998333333333333,0.6643333333333333,4.156740923249566,2.604163138865982,6.670556511023456,1.001669449081803,1.3544907175112895
Toddler_1_2y,C_low,0.5,1,10.102479036674804,4.516804696762179,6.382261890576044,2.9084890990107146,15.91157759461685,6.9852758115049856,0.9858333333333333,0.936,0.8363333333333334,0.5043333333333333,5.585674339912625,3.473772791565329,8.926301783111864,1.0532407407407407,1.6582947785855917
Toddler_1_2y,C_low,1,1,10.094725471677783,4.563354878304996,6.389312532677601,2.850637584353741,15.839531275640713,7.157598445549229,0.9976666666666667,0.982,0.901,0.675,5.531370593372787,3.53867494832386,8.681932830091483,1.0159538357094366,1.3348148148148147
Toddler_1_2y,C_low,2,1,10.204062798582678,4.5173110325684815,6.455971807297929,2.885072394317556,15.958670741046122,7.207018977297919,1,1,0.986,0.9313333333333333,5.686751766014196,3.570899412980373,8.751651763748203,1,1.0586972083035076
Toddler_1_2y,C_med,0.5,0.25,4.673045378583575,2.654594705470829,2.947711386732636,1.6857959924013441,7.357907911484224,4.205961571366504,0.6915,0.3323333333333333,0.4725,0.031,2.018450673112746,1.261915394331292,3.1519463401177203,2.0807422266800404,15.241935483870966
Toddler_1_2y,C_med,1,0.25,4.666525538146468,2.6558309323298825,2.9693359136821758,1.7023189444796152,7.340240287817976,4.231285926275175,0.8305,0.5906666666666667,0.5238333333333334,0.06966666666666667,2.0106946058165853,1.2670169692025606,3.108954361542801,1.4060383747178329,7.519138755980862
Toddler_1_2y,C_med,2,0.25,4.664399797990334,2.7150807852933188,2.9869130052859982,1.7224063560376626,7.364155275281092,4.301891663707127,0.9915,0.983,0.6883333333333334,0.35733333333333334,1.949319012697015,1.2645066492483357,3.0622636115739654,1.008646998982706,1.9263059701492538
Toddler_1_2y,C_med,0.5,0.5,9.338274794905175,5.35756688061809,5.914174512234843,3.4450382447112387,14.819865803111854,8.443093548962358,0.9946666666666666,0.984,0.8871666666666667,0.729,3.980707914287085,2.4691362675236044,6.376772254149497,1.0108401084010838,1.2169638774577047
Toddler_1_2y,C_med,1,0.5,9.346828870155452,5.323619597686154,5.932572122835742,3.4181480606952643,14.616856337348402,8.525623546463565,0.9993333333333334,0.9973333333333333,0.9401666666666666,0.8503333333333334,4.023209272469298,2.5144240621404776,6.0912327908848365,1.002005347593583,1.105644845158761
Toddler_1_2y,C_med,2,0.5,9.31397904019744,5.3387551332903165,5.962479528769485,3.392876324770559,14.717064268896808,8.33985639016547,1,1,0.9956666666666667,0.9813333333333333,3.9752239069071234,2.569603203998926,6.377207878731337,1,1.0146059782608696
Toddler_1_2y,C_med,0.5,0.75,14.021652396969465,7.900586417386624,8.825025876483604,5.20047301521501,21.83210703052308,12.370616944928443,1,1,0.9926666666666666,0.9826666666666667,6.121065979582841,3.6245528612685938,9.461490085594637,1,1.0101763907734056
Toddler_1_2y,C_med,1,0.75,14.10399659237949,8.100837302645719,8.841977822703072,5.132733074683557,21.98001138888035,12.884227734697328,1,1,0.99783333333333335,0.994,6.003159289733771,3.7092447480195148,9.095783654183021,1,1.0038564721663314
Toddler_1_2y,C_med,2,0.75,13.865751076590065,7.989133348784543,8.778705820426277,5.121113617598638,21.88302270607052,12.590843815135713,1,1,1,1,5.876617727805522,3.6575922028276384,9.292178890934807,1,1
Toddler_1_2y,C_med,0.5,1,18.770356398598764,10.560445327053639,11.820861649181662,6.777196741176784,29.411480860983417,16.45009559456573,1,1,0.9996666666666667,0.9993333333333333,8.209911071545125,5.043664908004878,12.961385266417686,1,1.0003335557038027
Toddler_1_2y,C_med,1,1,18.519674820095226,10.641690800785252,11.91650754557277,6.714672888064843,29.34135954780686,16.799151615334562,1,1,1,0.9996666666666667,7.877984019309974,5.201834657507927,12.542207932472298,1,1.0003334444814937
Toddler_1_2y,C_med,2,1,18.62556155024829,10.74581544544224,11.87785984359586,6.719964547993211,28.81126170754439,16.74028989627082,1,1,1,1,7.879746104806049,5.15789529560265,12.07097181127357,1,1
